{"timestamps": [1528617713.916999, 1528617722.357231, 1528617722.570909, 1528617722.609, 1528617722.646416, 1528617722.683917, 1528617722.705378, 1528617722.734208, 1528617731.034995, 1528617731.255651, 1528617731.293768, 1528617731.33127, 1528617731.369142, 1528617731.406536, 1528617731.441584, 1528617731.479502, 1528617731.513077, 1528617731.539552, 1528617731.577371, 1528617731.613497, 1528617731.649813, 1528617731.687598, 1528617731.717394, 1528617731.755201, 1528617731.784206, 1528617731.822063, 1528617731.841111, 1528617740.079438, 1528617740.291815, 1528617740.329385, 1528617740.367361, 1528617740.405341, 1528617740.443038, 1528617740.465972, 1528617740.503311, 1528617740.525559, 1528617740.563374, 1528617740.600079, 1528617740.637642, 1528617740.674928, 1528617740.71219, 1528617740.749976, 1528617740.788004, 1528617740.819369, 1528617740.856178, 1528617740.893466, 1528617740.931242, 1528617740.96352, 1528617741.001723, 1528617741.014223, 1528617741.051816, 1528617741.089262, 1528617741.127041, 1528617741.163976, 1528617741.201598, 1528617741.239154, 1528617741.276808, 1528617741.316857, 1528617741.35452, 1528617741.391678, 1528617741.431489, 1528617741.46903, 1528617741.50432, 1528617741.543167, 1528617749.897047, 1528617750.105799, 1528617750.144072, 1528617750.182247, 1528617750.220244, 1528617750.240588, 1528617750.277065, 1528617750.3143, 1528617750.351948, 1528617750.389982, 1528617750.426761, 1528617750.464314, 1528617750.481228, 1528617750.514988, 1528617750.552982, 1528617750.591113, 1528617750.608246, 1528617750.646477, 1528617750.684401, 1528617750.722365, 1528617750.760862, 1528617750.798987, 1528617750.837947, 1528617750.875709, 1528617750.89189, 1528617750.929561, 1528617750.966968, 1528617751.004458, 1528617751.042844, 1528617751.080983, 1528617751.115502, 1528617751.151998, 1528617751.190233, 1528617751.206978, 1528617751.242337, 1528617751.280355], "initial_reset_timestamp": 1528617705.213091, "episode_types": ["t", "t", "t", "t", "t", "t", "t", "t", "t", "t", "t", "t", "t", "t", "t", "t", "t", "t", "t", "t", "t", "t", "t", "t", "t", "t", "t", "t", "t", "t", "t", "t", "t", "t", "t", "t", "t", "t", "t", "t", "t", "t", "t", "t", "t", "t", "t", "t", "t", "t", "t", "t", "t", "t", "t", "t", "t", "t", "t", "t", "t", "t", "t", "t", "t", "t", "t", "t", "t", "t", "t", "t", "t", "t", "t", "t", "t", "t", "t", "t", "t", "t", "t", "t", "t", "t", "t", "t", "t", "t", "t", "t", "t", "t", "t", "t", "t", "t", "t", "t"], "episode_lengths": [200, 200, 200, 200, 200, 200, 110, 155, 200, 179, 200, 200, 200, 200, 188, 200, 178, 141, 200, 192, 200, 200, 159, 200, 157, 200, 104, 200, 200, 200, 200, 200, 200, 122, 200, 121, 200, 200, 200, 200, 200, 200, 200, 168, 200, 200, 200, 173, 200, 65, 200, 200, 200, 200, 200, 200, 200, 200, 200, 200, 200, 200, 180, 200, 200, 200, 200, 200, 200, 105, 193, 200, 200, 200, 193, 200, 91, 178, 200, 200, 91, 200, 200, 200, 200, 200, 200, 200, 85, 200, 200, 200, 200, 200, 181, 187, 200, 88, 185, 200], "episode_rewards": [200.0, 200.0, 200.0, 200.0, 200.0, 200.0, 110.0, 155.0, 200.0, 179.0, 200.0, 200.0, 200.0, 200.0, 188.0, 200.0, 178.0, 141.0, 200.0, 192.0, 200.0, 200.0, 159.0, 200.0, 157.0, 200.0, 104.0, 200.0, 200.0, 200.0, 200.0, 200.0, 200.0, 122.0, 200.0, 121.0, 200.0, 200.0, 200.0, 200.0, 200.0, 200.0, 200.0, 168.0, 200.0, 200.0, 200.0, 173.0, 200.0, 65.0, 200.0, 200.0, 200.0, 200.0, 200.0, 200.0, 200.0, 200.0, 200.0, 200.0, 200.0, 200.0, 180.0, 200.0, 200.0, 200.0, 200.0, 200.0, 200.0, 105.0, 193.0, 200.0, 200.0, 200.0, 193.0, 200.0, 91.0, 178.0, 200.0, 200.0, 91.0, 200.0, 200.0, 200.0, 200.0, 200.0, 200.0, 200.0, 85.0, 200.0, 200.0, 200.0, 200.0, 200.0, 181.0, 187.0, 200.0, 88.0, 185.0, 200.0]}